1,ActionTrigger,Action,Target,Value,SpawnID,Condition,Condition Value,Condition MinionType,isTargetting,Tempory,ConditionStat
0,Battlecry,Damage,AllTarget,1,,,,,TRUE,,
1,,Taunt,Self,,,,,,,,
2,OnMinionSummon,Attack,AllFriendlyMinionsExceptSelf,1,,MinionType,,멀록,,,
4,,Charge,Self,,,,,,,,
5,Battlecry,Heal,AllTarget,2,,,,,TRUE,,
6,Battlecry,Remove,EnemyWeapon,,,HasWeapon,,,,,
8,,Charge,Self,,,,,,,,
9,,Taunt,Self,,,,,,,,
10,,SpellAttack,Self,1,,,,,,,
11,Battlecry,Token,Self,1,,,,,,,
12,Battlecry,DrawCard,FriendlyHero,1,,,,,,,
14,,SpellAttack,Self,1,,,,,,,
15,Battlecry,Damage,AllTarget,1,,,,,,,
16,,Taunt,Self,,,,,,,,
18,OnMinionSummon,Attack,AllFriendlyMinionsExceptSelf,1,,,,,,,
20,Battlecry,Attack,AllFriendlyMinionsExceptSelf,1,,,,,TRUE,,
20,Battlecry,Health,AllFriendlyMinionsExceptSelf,1,,,,,,,
21,,Taunt,Self,,,,,,,,
22,,Charge,Self,,,,,,,,
24,Battlecry,Token,Self,1,,,,,,,
25,Battlecry,DrawCard,FriendlyHero,1,,,,,,,
27,,SpellAttack,Self,1,,,,,,,
28,,Taunt,Self,,,,,,,,
29,,Charge,Self,,,,,,,,
30,,Taunt,Self,,,,,,,,
31,Battlecry,Heal,AllFriendlyMinions,2,,,,,,,
32,Battlecry,Attack,Self,1,,FrendlyMinions,,,,,
32,Battlecry,Health,Self,1,,FrendlyMinions,,,,,
33,OnAttacked,Attack,Self,3,,,,,,,
34,Battlecry,Damage,EnemyHero,3,,,,,,,
35,Battlecry,Damage,AllTarget,2,,,,,,,
36,,SpellAttack,Self,1,,,,,,,
38,,Taunt,Self,,,,,,,,
39,,Charge,Self,,,,,,,,
41,OnMinionSummon,Attack,AllFriendlyMinionsExceptSelf,1,,,,,,,
41,OnMinionSummon,Health,AllFriendlyMinionsExceptSelf,1,,,,,,,
46,OnSpellCast,Mana,FriendlyHero,2,,,,,,,
47,OnSpellCast,Damage,AllTarget,1,,,,,TRUE,,
48,OnSpellCast,Attack,FriendlyHero,2,,,,,,,
48,OnSpellCast,Armor,FriendlyHero,2,,,,,,,
49,OnSpellCast,Taunt,AllTargetMinion,,,,,,TRUE,,
49,OnSpellCast,Attack,AllTargetMinion,2,,,,,,,
49,OnSpellCast,Health,AllTargetMinion,2,,,,,,,
50,OnSpellCast,Heal,AllTarget,8,,,,,TRUE,,
51,OnSpellCast,Attack,AllFriendlyMinions,2,,,,,,,
51,OnSpellCast,Attack,FriendlyHero,2,,,,,,,
52,OnSpellCast,ManaCase,FriendlyHero,1,,,,,,,
53,OnSpellCast,Damage,AllEnemyTarget,4,,,,,TRUE,,
53,OnSpellCast,Damage,AllEnemyTargetExceptSelf,1,,,,,,,
54,OnSpellCast,Damage,AllTarget,5,,,,,TRUE,,
54,OnSpellCast,DrawCard,FriendlyHero,1,,,,,,,
55,,Taunt,Self,,,,,,,,
56,OnSpellCast,DrawCard,FriendlyHero,1,,,,,,,
57,OnSpellCast,Damage,AllTarget,2,,,,,TRUE,,
58,OnMinionSummon,Attack,AllFriendlyMinionsExceptTarget,1,,MinionType,,야수,,,
59,OnSpellCast,,,,,,,,,,
60,OnSpellCast,,AllTargetMinion,,,,,,,,
61,OnSpellCast,Token,Self,1,,,,,,,
62,,,,,,,,,,,
62,,,,,,,,,,,
63,Battlecry,Taunt,AllFriendlyMinions,,,MinionType,,야수,TRUE,,
63,Battlecry,Attack,AllFriendlyMinions,2,,MinionType,,야수,,,
63,Battlecry,Health,AllFriendlyMinions,2,,MinionType,,야수,,,
64,OnSpellCast,Damage,RandomEnemyMinion,3,,,,,,,
65,OnMinionSummon,DrawCard,FriendlyHero,1,,MinionType,,야수,,,
66,OnMinionSummon,Charge,AllFriendlyMinions,,,MinionType,,야수,,,
67,,Charge,Self,,,,,,,,
68,OnMinionSummon,Attack,AllFriendlyMinionsExceptSelf,1,,,,,,,
69,,Taunt,Self,,,,,,,,
70,,,,,,,,,,,
71,,Taunt,Self,,,,,,,,
72,OnSpellCast,Token,FriendlyHero,2,,,,,,,
73,OnSpellCast,Damage,AllFriendlyMinions,1,,,,,,,
74,OnSpellCast,Damage,AllTarget,3,,,,,TRUE,,
74,OnSpellCast,Freeze,AllTarget,,,,,,,,
75,OnSpellCast,DrawCard,FriendlyHero,2,,,,,,,
76,OnSpellCast,Freeze,AllEnemyMinions,,,,,,,,
77,OnSpellCast,Damage,AllTarget,6,,,,,,,
78,OnSpellCast,,,,,,,,,,
80,OnAttacking,Freeze,,,,,,,,,
80,OnAttacked,Freeze,,,,,,,,,
81,OnSpellCast,Damage,AllEnemyMinions,4,,,,,,,
82,OnSpellCast,Attack,AllMinions,3,,,,,,,
83,OnSpellCast,Shield,AllTargetMinion,,,,,,TRUE,,
84,OnSpellCast,,,,,,,,,,
86,OnSpellCast,Heal,FriendlyHero,8,,,,,,,
87,OnSpellCast,Attack,AllTargetMinion,4,,,,,TRUE,,
87,OnSpellCast,Health,AllTargetMinion,4,,,,,,,
88,OnSpellCast,Damage,AllEnemyMinions,2,,,,,,,
88,OnSpellCast,Damage,EnemyHero,2,,,,,,,
89,OnSpellCast,Damage,AllTarget,3,,,,,,,
89,OnSpellCast,DrawCard,FriendlyHero,1,,,,,,,
90,OnAttacking,Heal,FriendlyHero,2,,,,,,,
91,,Taunt,Self,,,,,,,,
91,Battlecry,Heal,FriendlyHero,6,,,,,,,
92,OnSpellCast,Damage,AllTargetMinion,3,,,,,,,
93,OnSpellCast,,,,,,,,,,
94,OnSpellCast,Health,AllTargetMinion,2,,,,,TRUE,,
94,OnSpellCast,DrawCard,FriendlyHero,1,,,,,,,
95,OnSpellCast,Remove,AllTargetMinion,,,Under,3,,TRUE,,Attack
96,OnSpellCast,Remove,AllTargetMinion,,,Over,5,,,,Attack
97,OnSpellCast,Damage,AllEnemyMinions,2,,,,,,,
97,OnSpellCast,Heal,AllFriendlyMinions,2,,,,,,,
98,OnSpellCast,,,,,,,,TRUE,,
99,OnSpellCast,Damage,AllTargetMinion,2,,,,,TRUE,,
100,OnSpellCast,Attack,FriendlyWeapon,2,,,,,,,
101,OnSpellCast,Damage,EnemyHero,3,,,,,,,
102,OnSpellCast,Damage,AllTarget,1,,,,,TRUE,,
102,OnSpellCast,DrawCard,FriendlyHero,1,,,,,,,
103,OnSpellCast,,,,,,,,TRUE,,
104,OnSpellCast,Damage,AllEnemyMinions,1,,,,,,,
104,OnSpellCast,DrawCard,FriendlyHero,1,,,,,,,
106,OnSpellCast,Remove,AllTarget,,,,,,,,
107,OnSpellCast,DrawCard,FriendlyHero,4,,,,,,,
108,OnSpellCast,Heal,AllTargetMinion,,,,,,TRUE,,
108,OnSpellCast,Taunt,AllTargetMinion,,,,,,,,
109,OnSpellCast,Health,AllFriendlyMinions,2,,MinionType,,토템,,,
110,OnSpellCast,Damage,AllTarget,1,,,,,TRUE,,
110,OnSpellCast,Freeze,AllTarget,,,,,,,,
111,OnSpellCast,Attack,FriendlyHero,3,,,,,,TRUE,
112,,Attack,AdjacentMinions,2,,,,,,,
113,OnSpellCast,Windfury,AllTargetMinion,,,,,,TRUE,,
114,OnSpellCast,,,,,,,,TRUE,,
115,,Taunt,Self,,,,,,,,
116,Battlecry,Windfury,AllTargetMinion,,,,,,TRUE,,
117,OnSpellCast,Attack,AllFriendlyMinions,3,,,,,,,
118,Battlecry,Damage,AllTarget,3,,,,,TRUE,,
119,OnSpellCast,Remove,AllFriendlyMinions,,,MinionType,,악마,,,
119,OnSpellCast,Heal,FriendlyHero,8,,,,,,,
120,OnSpellCast,Damage,AllTarget,4,,,,,,,
120,OnSpellCast,,,,,,,,,,
121,OnSpellCast,Remove,AllTargetMinion,,,,,,TRUE,,
122,OnSpellCast,Damage,AllTargetMinion,1,,,,,,,
122,OnSpellCast,DrawCard,FriendlyHero,1,,,,,,,
123,,Taunt,Self,,,,,,,,
124,Battlecry,,,,,,,,,,
125,OnSpellCast,Damage,AllTarget,2,,,,,TRUE,,
125,OnSpellCast,Heal,FriendlyHero,2,,,,,,,
126,OnSpellCast,Damage,AllTargetMinion,4,,,,,TRUE,,
127,OnSpellCast,Damage,AllTarget,3,,,,,,,
128,Battlecry,Damage,AllMinionsExceptSelf,1,,,,,,,
128,Battlecry,Damage,AllHeroes,1,,,,,,,
129,OnSpellCast,Remove,AllTargetMinion,,,,,,,,
130,OnSpellCast,Damage,AllMinions,1,,,,,,,
131,OnSpellCast,Damage,RandomEnemyMinion,2,,,,,,,
133,OnSpellCast,Attack,FriendlyHero,4,,,,,,,
134,OnSpellCast,Charge,AllFriendlyMinions,,,,,,,,
135,OnSpellCast,Attack,AllFriendlyMinions,2,,,,,,,
136,OnMinionSummon,Charge,AllFriendlyMinions,,,Under,3,,,,Attack
137,,Charge,Self,,,,,,,,
140,Battlecry,Attack,AllTargetMinion,,,,,,,TRUE,
141,,Shield,Self,,,,,,,,
142,Deathrattle,Damage,EnemyHero,2,,,,,,,
143,,Taunt,Self,,,,,,,,
144,Battlecry,Charge,Self,,,HasWeapon,,,,,
145,,Stealth,Self,,,,,,,,
146,,Windfury,Self,,,,,,,,
